Participant,Bias_EDA,LoA_low_EDA,LoA_high_EDA
5,-3.64485054836019,-6.39627597056629,-0.893425126154102
