Participant,Bias_HR,LoA_low_HR,LoA_high_HR
5,0.899207501286477,-11.7904507652579,13.5888657678309
