Participant,Bias_RMSSD,LoA_low_RMSSD,LoA_high_RMSSD
5,-1.78452740904941,-2.95967056901748,-0.609384249081351
