Participant,SDNN,DiffSDNN
5,31.9230450354277,-0.863729894948982
5,43.2772364526402,-2.23505433447789
5,49.308365521726,1.7354515575862
5,28.5353955255985,-2.73584556001178
5,42.2775000454736,-5.4730787630497
5,27.2029452184242,-14.0523002207638
5,62.8414052373502,16.1367597082647
