Participant,Bias_SDNN,LoA_low_SDNN,LoA_high_SDNN
5,-1.06968535820018,-18.8910565279363,16.7516858115359
