Participant,Bias_EDA,LoA_low_EDA,LoA_high_EDA
1,-4.16230238578294,-5.95189837028444,-2.37270640128144
