Participant,Bias_HR,LoA_low_HR,LoA_high_HR
1,0.387713206120652,-12.3669084871014,13.1423348993427
