Participant,Bias_RMSSD,LoA_low_RMSSD,LoA_high_RMSSD
1,-1.31376143219918,-2.82574826251159,0.198225398113242
