Participant,Bias_SDNN,LoA_low_SDNN,LoA_high_SDNN
1,-1.98464718729597,-17.2293760665924,13.2600816920005
