Participant,Bias_EDA,LoA_low_EDA,LoA_high_EDA
3,-6.04061840317092,-7.56697262656133,-4.51426417978051
