Participant,Bias_HR,LoA_low_HR,LoA_high_HR
3,4.99876802848021,-14.9387162600898,24.9362523170502
