Participant,Bias_RMSSD,LoA_low_RMSSD,LoA_high_RMSSD
3,-5.98443526128252,-7.78870157724076,-4.18016894532428
