Participant,Bias_SDNN,LoA_low_SDNN,LoA_high_SDNN
3,8.27701367778639,-40.8024092152227,57.3564365707954
