Participant,Bias_EDA,LoA_low_EDA,LoA_high_EDA
6,-0.993971220162238,-1.53190453146258,-0.456037908861897
