Participant,Bias_HR,LoA_low_HR,LoA_high_HR
6,0.891387587887598,-15.6679108375842,17.4506860133594
