Participant,Bias_RMSSD,LoA_low_RMSSD,LoA_high_RMSSD
6,-4.5322216489155,-6.18907923995236,-2.87536405787863
