Participant,Bias_SDNN,LoA_low_SDNN,LoA_high_SDNN
6,-2.9324739638797,-42.4065320735123,36.5415841457529
