Participant,Bias_EDA,LoA_low_EDA,LoA_high_EDA
7,-3.50366921799946,-6.00622024526089,-1.00111819073803
