Participant,Bias_HR,LoA_low_HR,LoA_high_HR
7,4.30817673009788,-7.02186572005073,15.6382191802465
