Participant,Bias_RMSSD,LoA_low_RMSSD,LoA_high_RMSSD
7,-1.87359956970868,-2.76486784816971,-0.98233129124766
