Participant,RMSSD,DiffRMSSD
7,1.99121356334589,-1.0157549073937
7,2.31569608710771,-2.06847028539828
7,1.79813059918429,-1.79998829894265
7,2.76025245574387,-2.07017706383767
7,2.2182637244525,-1.88237860583862
7,1.994626760529,-2.51441838814291
7,2.79519526672421,-1.76400943840695
