Participant,SDNN,DiffSDNN
7,22.5299929831279,-5.67556417490125
7,28.3435132717251,-10.2903311700973
7,26.1560686929395,-15.9971275919487
7,32.0956509768341,-7.55515703451237
7,30.0336979841864,-10.9708288045635
7,20.2139524964147,-20.320127425936
7,33.294593325376,-13.3449517959101
