Participant,Bias_SDNN,LoA_low_SDNN,LoA_high_SDNN
7,-12.0220125711242,-21.8462973005331,-2.19772784171526
