Participant,Bias_EDA,LoA_low_EDA,LoA_high_EDA
2,-2.48580439151223,-2.96271199167351,-2.00889679135095
