Participant,Bias_HR,LoA_low_HR,LoA_high_HR
2,2.89117168496594,-17.9412114720852,23.723554842017
