Participant,Bias_RMSSD,LoA_low_RMSSD,LoA_high_RMSSD
2,-3.16239259859622,-5.70443686796893,-0.620348329223502
