Participant,Bias_SDNN,LoA_low_SDNN,LoA_high_SDNN
2,1.67538483764997,-42.9907789736196,46.3415486489195
