Participant,Bias_EDA,LoA_low_EDA,LoA_high_EDA
8,-0.0823305351414083,-1.54274526837838,1.37808419809556
