Participant,Bias_HR,LoA_low_HR,LoA_high_HR
8,1.51582411590483,-15.3802276926452,18.4118759244549
