Participant,Bias_RMSSD,LoA_low_RMSSD,LoA_high_RMSSD
8,-3.32902393180437,-4.81811338243099,-1.83993448117775
