Participant,Bias_SDNN,LoA_low_SDNN,LoA_high_SDNN
8,-19.8918854365707,-41.8271601790835,2.04338930594216
