PID,r_HR,ME_HR,MAE_HR,r_EDA,ME_EDA,MAE_EDA,r_SDNN,ME_SDNN,MAE_SDNN,icc_SDNN,r_RMSSD,ME_RMSSD,MAE_RMSSD,icc_RMSSD,r_phase_HR
1,0.291293981698069,0.387713206120652,4.93289887375156,0.91979554706383,-4.16230238578294,4.16230238578294,0.939314739530523,-1.98464718729597,6.02161658568729,0.849627818325869,0.192377979210188,-1.31376143219918,1.31376143219918,0.0589219485570469,0.773695895540359
2,0.458450495444538,2.89117168496594,7.93453377443399,0.912834747244725,-2.48580439151223,2.48580439151223,0.627532813026257,1.67538483764997,18.2663741434982,0.445623232728554,0.218216946714206,-3.16239259859622,3.16239259859622,0.0371220403899264,0.929058124271492
3,0.33635236375291,4.99876802848021,8.43159081494516,0.869754766738446,-6.04061840317092,6.04061840317092,0.809594684948509,8.27701367778639,20.8986050149669,0.688971188843414,0.845579923120395,-5.98443526128252,5.98443526128252,0.0852567529293182,0.903563218193822
4,0.134445791000547,6.99823212230367,10.7969549941874,0.969812139481506,-4.1577030585415,4.1577030585415,0.537117060435351,28.8864349229699,30.9264111016889,0.329819066258484,0.516378828656655,-3.30576376207226,3.30576376207226,0.208610256943636,0.341923806916912
5,0.584191072282987,0.899207501286477,4.80274276447077,0.912736686629379,-3.64485054836019,3.64485054836019,0.91656257102923,-1.06968535820018,6.17603143415758,0.79860587807193,0.659026841800225,-1.78452740904941,1.78452740904941,0.156681995402712,0.960212444756727
6,0.286467069763833,0.891387587887598,5.93898541967441,0.901783986359903,-0.993971220162238,0.993971220162238,0.0578800634945505,-2.9324739638797,16.8401663264605,0.0568095257326732,0.522260929348112,-4.5322216489155,4.5322216489155,0.0271792573790383,0.573207701751584
7,0.770293620750554,4.30817673009788,5.59619238058522,0.978430007797278,-3.50366921799946,3.50366921799946,0.604442624549484,-12.0220125711242,12.0220125711242,0.172334286649913,0.489702850093169,-1.87359956970868,1.87359956970868,0.0503827597711854,0.959501864555316
8,0.24122927979119,1.51582411590483,4.69956146203883,-0.148279446176554,-0.0823305351414083,0.546649798156628,0.0583364441281446,-19.8918854365707,19.8918854365707,0.0147472253168535,0.629263679915336,-3.32902393180437,3.32902393180437,0.0662306349275898,0.806561620203758
