Participant,Bias_EDA,LoA_low_EDA,LoA_high_EDA
4,-4.1577030585415,-4.77273434744306,-3.54267176963993
