Participant,Bias_HR,LoA_low_HR,LoA_high_HR
4,6.99823212230367,-21.3154450278663,35.3119092724736
