Participant,Bias_RMSSD,LoA_low_RMSSD,LoA_high_RMSSD
4,-3.30576376207226,-6.95319619788745,0.341668673742924
