Participant,Bias_SDNN,LoA_low_SDNN,LoA_high_SDNN
4,28.8864349229699,-17.655171079731,75.4280409256707
